{
"coefficients" : {
	"PRS" : 0.042570099085050925,
	"MSH2 Variant" : 0.624878618272338,
	"MSH6 Variant" : 0.1747208978572751,
	"MLH1 Variant" : 1.1318554653878856,
	"PMS2 Variant" : 0.1940912627491622,
	"Family History" : 0.7817015559877541,
	"log Allele Frequency" : -0.24153174026071886,
	"PC1" : -0.0059071494043052295,
	"PC2" : 0.04375001339112797,
	"PC3" : -0.06396087042335626,
	"PC4" : -0.044734614490477706,
	"GPS IBD" : -0.46669633033595076,
	"Missense" : 0.35875383079150364,
	"Nonsense" : 0.46370703604208563,
	"Frameshift" : 0.6089066945879367,
	"Insertion/Deletion" : 0.2716061120873695
},
"baseline_hazards": {
	"33.76" : 0.9998569536025382,
	"41.75" : 0.999713755595594,
	"46.0" : 0.999713755595594,
	"46.09" : 0.999713755595594,
	"46.25" : 0.999713755595594,
	"46.34" : 0.999713755595594,
	"46.42" : 0.999713755595594,
	"46.51" : 0.999713755595594,
	"46.59" : 0.999713755595594,
	"46.67" : 0.999713755595594,
	"46.76" : 0.999713755595594,
	"46.84" : 0.999713755595594,
	"46.92" : 0.999713755595594,
	"47.0" : 0.999713755595594,
	"47.09" : 0.999713755595594,
	"47.12" : 0.9995686620759023,
	"47.17" : 0.9995686620759023,
	"47.25" : 0.9995686620759023,
	"47.34" : 0.9995686620759023,
	"47.42" : 0.9995686620759023,
	"47.5" : 0.9995686620759023,
	"47.59" : 0.9995686620759023,
	"47.76" : 0.9995686620759023,
	"47.84" : 0.9995686620759023,
	"47.92" : 0.9995686620759023,
	"48.0" : 0.9995686620759023,
	"48.09" : 0.9995686620759023,
	"48.17" : 0.9995686620759023,
	"48.25" : 0.9995686620759023,
	"48.34" : 0.9995686620759023,
	"48.42" : 0.9995686620759023,
	"48.51" : 0.9995686620759023,
	"48.59" : 0.9995686620759023,
	"48.67" : 0.9995686620759023,
	"48.68" : 0.9994182634184897,
	"48.76" : 0.9994182634184897,
	"48.81" : 0.9994182634184897,
	"48.84" : 0.9994182634184897,
	"48.88" : 0.9992673844240684,
	"48.93" : 0.9992673844240684,
	"49.0" : 0.9992673844240684,
	"49.09" : 0.9992673844240684,
	"49.17" : 0.9992673844240684,
	"49.25" : 0.9992673844240684,
	"49.34" : 0.9992673844240684,
	"49.42" : 0.9992673844240684,
	"49.51" : 0.9992673844240684,
	"49.54" : 0.9992673844240684,
	"49.59" : 0.9992673844240684,
	"49.63" : 0.9992673844240684,
	"49.67" : 0.9992673844240684,
	"49.76" : 0.9992673844240684,
	"49.84" : 0.9992673844240684,
	"49.92" : 0.9992673844240684,
	"50.0" : 0.9992673844240684,
	"50.09" : 0.9992673844240684,
	"50.17" : 0.9992673844240684,
	"50.25" : 0.9992673844240684,
	"50.34" : 0.9992673844240684,
	"50.42" : 0.9992673844240684,
	"50.51" : 0.9992673844240684,
	"50.59" : 0.9992673844240684,
	"50.67" : 0.9992673844240684,
	"50.74" : 0.9992673844240684,
	"50.76" : 0.9992673844240684,
	"50.84" : 0.9992673844240684,
	"50.88" : 0.9992673844240684,
	"50.92" : 0.9992673844240684,
	"51.0" : 0.9992673844240684,
	"51.09" : 0.9992673844240684,
	"51.17" : 0.9992673844240684,
	"51.25" : 0.9992673844240684,
	"51.34" : 0.9992673844240684,
	"51.37" : 0.9992673844240684,
	"51.38" : 0.9992673844240684,
	"51.42" : 0.9992673844240684,
	"51.5" : 0.9992673844240684,
	"51.59" : 0.9992673844240684,
	"51.67" : 0.9992673844240684,
	"51.76" : 0.9992673844240684,
	"51.84" : 0.9992673844240684,
	"51.92" : 0.9992673844240684,
	"52.0" : 0.9992673844240684,
	"52.09" : 0.9992673844240684,
	"52.17" : 0.9992673844240684,
	"52.25" : 0.9992673844240684,
	"52.34" : 0.9992673844240684,
	"52.42" : 0.9992673844240684,
	"52.51" : 0.9992673844240684,
	"52.59" : 0.9992673844240684,
	"52.67" : 0.9992673844240684,
	"52.76" : 0.9992673844240684,
	"52.84" : 0.9992673844240684,
	"52.93" : 0.9992673844240684,
	"53.0" : 0.9992673844240684,
	"53.09" : 0.9992673844240684,
	"53.17" : 0.9992673844240684,
	"53.25" : 0.9992673844240684,
	"53.34" : 0.9992673844240684,
	"53.42" : 0.9992673844240684,
	"53.51" : 0.9992673844240684,
	"53.59" : 0.9992673844240684,
	"53.67" : 0.9992673844240684,
	"53.76" : 0.9992673844240684,
	"53.84" : 0.9992673844240684,
	"53.92" : 0.9992673844240684,
	"54.0" : 0.9992673844240684,
	"54.09" : 0.9992673844240684,
	"54.17" : 0.9992673844240684,
	"54.25" : 0.9992673844240684,
	"54.34" : 0.9992673844240684,
	"54.42" : 0.9992673844240684,
	"54.51" : 0.9992673844240684,
	"54.59" : 0.9992673844240684,
	"54.67" : 0.9992673844240684,
	"54.76" : 0.9992673844240684,
	"54.84" : 0.9992673844240684,
	"54.92" : 0.9992673844240684,
	"55.0" : 0.9992673844240684,
	"55.09" : 0.9992673844240684,
	"55.17" : 0.9992673844240684,
	"55.25" : 0.9992673844240684,
	"55.34" : 0.9992673844240684,
	"55.42" : 0.9992673844240684,
	"55.5" : 0.9992673844240684,
	"55.59" : 0.9992673844240684,
	"55.67" : 0.9992673844240684,
	"55.76" : 0.9992673844240684,
	"55.84" : 0.9992673844240684,
	"55.92" : 0.9992673844240684,
	"56.0" : 0.9992673844240684,
	"56.09" : 0.9992673844240684,
	"56.17" : 0.9992673844240684,
	"56.25" : 0.9990770053472104,
	"56.32" : 0.9988855358521598,
	"56.34" : 0.9988855358521598,
	"56.42" : 0.9988855358521598,
	"56.46" : 0.9988855358521598,
	"56.51" : 0.9988855358521598,
	"56.59" : 0.9988855358521598,
	"56.67" : 0.9988855358521598,
	"56.71" : 0.9986911885975513,
	"56.76" : 0.9986911885975513,
	"56.84" : 0.9986911885975513,
	"56.93" : 0.9986911885975513,
	"57.0" : 0.9986911885975513,
	"57.09" : 0.9986911885975513,
	"57.17" : 0.9986911885975513,
	"57.25" : 0.9986911885975513,
	"57.34" : 0.9986911885975513,
	"57.42" : 0.9986911885975513,
	"57.51" : 0.9986911885975513,
	"57.52" : 0.9986911885975513,
	"57.59" : 0.9986911885975513,
	"57.66" : 0.9984863294693413,
	"57.67" : 0.9984863294693413,
	"57.76" : 0.9984863294693413,
	"57.84" : 0.9984863294693413,
	"57.92" : 0.9984863294693413,
	"58.0" : 0.9984863294693413,
	"58.09" : 0.9984863294693413,
	"58.17" : 0.9984863294693413,
	"58.25" : 0.9984863294693413,
	"58.34" : 0.9984863294693413,
	"58.42" : 0.9984863294693413,
	"58.46" : 0.9982732888517026,
	"58.51" : 0.9982732888517026,
	"58.59" : 0.9982732888517026,
	"58.64" : 0.9980563242369839,
	"58.67" : 0.9980563242369839,
	"58.76" : 0.9980563242369839,
	"58.84" : 0.9980563242369839,
	"58.92" : 0.9980563242369839,
	"59.0" : 0.9980563242369839,
	"59.09" : 0.9980563242369839,
	"59.17" : 0.9980563242369839,
	"59.2" : 0.9978333972496888,
	"59.25" : 0.9978333972496888,
	"59.34" : 0.9978333972496888,
	"59.42" : 0.9978333972496888,
	"59.44" : 0.9976050347240782,
	"59.5" : 0.9976050347240782,
	"59.52" : 0.9973754430315774,
	"59.59" : 0.9973754430315774,
	"59.67" : 0.9973754430315774,
	"59.76" : 0.9973754430315774,
	"59.84" : 0.9973754430315774,
	"59.92" : 0.9973754430315774,
	"59.96" : 0.9971403004682013,
	"60.0" : 0.9971403004682013,
	"60.09" : 0.9971403004682013,
	"60.17" : 0.9971403004682013,
	"60.19" : 0.9969026602868976,
	"60.25" : 0.9969026602868976,
	"60.3" : 0.9966641367484085,
	"60.34" : 0.9966641367484085,
	"60.42" : 0.9966641367484085,
	"60.51" : 0.9966641367484085,
	"60.59" : 0.9966641367484085,
	"60.62" : 0.9966641367484085,
	"60.65" : 0.9964218542585596,
	"60.67" : 0.99617955934199,
	"60.76" : 0.99617955934199,
	"60.84" : 0.99617955934199,
	"60.88" : 0.9959346670161655,
	"60.93" : 0.9959346670161655,
	"61.0" : 0.9959346670161655,
	"61.02" : 0.9959346670161655,
	"61.09" : 0.9959346670161655,
	"61.17" : 0.9959346670161655,
	"61.25" : 0.9959346670161655,
	"61.34" : 0.9959346670161655,
	"61.42" : 0.9959346670161655,
	"61.51" : 0.9959346670161655,
	"61.59" : 0.9959346670161655,
	"61.67" : 0.9959346670161655,
	"61.76" : 0.9956787991980003,
	"61.84" : 0.9956787991980003,
	"61.92" : 0.9956787991980003,
	"61.94" : 0.9956787991980003,
	"62.0" : 0.9956787991980003,
	"62.02" : 0.9956787991980003,
	"62.09" : 0.9956787991980003,
	"62.17" : 0.9956787991980003,
	"62.25" : 0.9956787991980003,
	"62.34" : 0.9956787991980003,
	"62.42" : 0.9956787991980003,
	"62.51" : 0.9956787991980003,
	"62.54" : 0.9956787991980003,
	"62.59" : 0.9956787991980003,
	"62.67" : 0.9956787991980003,
	"62.68" : 0.9956787991980003,
	"62.76" : 0.9956787991980003,
	"62.84" : 0.9956787991980003,
	"62.92" : 0.9956787991980003,
	"62.94" : 0.9954017261761969,
	"62.99" : 0.9951245612292522,
	"63.0" : 0.9951245612292522,
	"63.09" : 0.9951245612292522,